dataset,fold,split_seed,model,eval_split,auc,acc,nll,n_eval,status,note,graph_construction
synthetic_c2,0,42,bkt,valid+test,0.5543321973702897,0.68285,0.6194613688315275,60000,diagnostic,Diagnostic baseline; no SOTA claim.,train_only
synthetic_c2,0,42,dkt,valid+test,0.6176070162145773,0.68285,0.6134443247628191,60000,diagnostic,Diagnostic baseline; no SOTA claim.,train_only
synthetic_c2,0,42,simplekt,valid+test,0.6239715153187048,0.68285,0.6070550489357995,60000,diagnostic,Diagnostic baseline; no SOTA claim.,train_only
synthetic_c2,0,42,akt,valid+test,0.6168312707373149,0.68285,0.6112233494183494,60000,diagnostic,Diagnostic baseline; no SOTA claim.,train_only
synthetic_c2,0,42,gkt,valid+test,0.5543321973702897,0.68285,0.6242798780736972,60000,diagnostic,Diagnostic baseline; no SOTA claim.,train_only
synthetic_c2,0,42,gikt,valid+test,0.6325993749869483,0.68285,0.6122754104704309,60000,diagnostic,Diagnostic baseline; no SOTA claim.,train_only
synthetic_c2,0,42,skt,valid+test,0.6293924985943364,0.68285,0.6205737245946849,60000,diagnostic,Diagnostic baseline; no SOTA claim.,train_only
synthetic_c2,0,42,dygkt,valid+test,0.629352479978446,0.68285,0.6220466377903162,60000,diagnostic,Diagnostic baseline; no SOTA claim.,train_only
synthetic_c2,0,42,dgekt,valid+test,0.6320491190184536,0.68285,0.6137747324877324,60000,diagnostic,Diagnostic baseline; no SOTA claim.,train_only
synthetic_c2,0,42,gkt,valid+test,0.5543321973702897,0.68285,0.6242888137452547,60000,diagnostic,Diagnostic baseline; no SOTA claim.,full_log
synthetic_c2,0,42,gikt,valid+test,0.6326063012858524,0.68285,0.6122837328343517,60000,diagnostic,Diagnostic baseline; no SOTA claim.,full_log
synthetic_c2,0,42,skt,valid+test,0.6295879741411863,0.68285,0.6205859905408655,60000,diagnostic,Diagnostic baseline; no SOTA claim.,full_log
synthetic_c2,0,42,dygkt,valid+test,0.629352479978446,0.68285,0.6220513803369045,60000,diagnostic,Diagnostic baseline; no SOTA claim.,full_log
synthetic_c2,0,42,dgekt,valid+test,0.6320491190184536,0.68285,0.613785493563483,60000,diagnostic,Diagnostic baseline; no SOTA claim.,full_log
synthetic_c2,1,43,bkt,valid+test,0.5548812703963589,0.6855166666666667,0.6173192726452216,60000,diagnostic,Diagnostic baseline; no SOTA claim.,train_only
synthetic_c2,1,43,dkt,valid+test,0.6198831328669651,0.6855166666666667,0.6112039456601698,60000,diagnostic,Diagnostic baseline; no SOTA claim.,train_only
synthetic_c2,1,43,simplekt,valid+test,0.6270883821322606,0.6855166666666667,0.6046067175611599,60000,diagnostic,Diagnostic baseline; no SOTA claim.,train_only
synthetic_c2,1,43,akt,valid+test,0.6191007603072569,0.6855166666666667,0.6087658234486782,60000,diagnostic,Diagnostic baseline; no SOTA claim.,train_only
synthetic_c2,1,43,gkt,valid+test,0.5548812703963589,0.6855166666666667,0.6223658094169414,60000,diagnostic,Diagnostic baseline; no SOTA claim.,train_only
synthetic_c2,1,43,gikt,valid+test,0.6358599227078017,0.6855166666666667,0.6100938510048991,60000,diagnostic,Diagnostic baseline; no SOTA claim.,train_only
synthetic_c2,1,43,skt,valid+test,0.6335483674177551,0.6855166666666667,0.6186062427561803,60000,diagnostic,Diagnostic baseline; no SOTA claim.,train_only
synthetic_c2,1,43,dygkt,valid+test,0.6322418361668593,0.6855166666666667,0.62006148766775,60000,diagnostic,Diagnostic baseline; no SOTA claim.,train_only
synthetic_c2,1,43,dgekt,valid+test,0.6355908855034751,0.6855166666666667,0.611643373707402,60000,diagnostic,Diagnostic baseline; no SOTA claim.,train_only
synthetic_c2,1,43,gkt,valid+test,0.5548812703963589,0.6855166666666667,0.6223691580105689,60000,diagnostic,Diagnostic baseline; no SOTA claim.,full_log
synthetic_c2,1,43,gikt,valid+test,0.6358599227078017,0.6855166666666667,0.6100946080028482,60000,diagnostic,Diagnostic baseline; no SOTA claim.,full_log
synthetic_c2,1,43,skt,valid+test,0.6332344906793743,0.6855166666666667,0.61860896958477,60000,diagnostic,Diagnostic baseline; no SOTA claim.,full_log
synthetic_c2,1,43,dygkt,valid+test,0.6323902704864877,0.6855166666666667,0.6200642989204138,60000,diagnostic,Diagnostic baseline; no SOTA claim.,full_log
synthetic_c2,1,43,dgekt,valid+test,0.6355908855034751,0.6855166666666667,0.6116445038944263,60000,diagnostic,Diagnostic baseline; no SOTA claim.,full_log
synthetic_c2,2,44,bkt,valid+test,0.5542410580356694,0.6920666666666667,0.6125187557493067,60000,diagnostic,Diagnostic baseline; no SOTA claim.,train_only
synthetic_c2,2,44,dkt,valid+test,0.6206526470297429,0.6920666666666667,0.606353109291888,60000,diagnostic,Diagnostic baseline; no SOTA claim.,train_only
synthetic_c2,2,44,simplekt,valid+test,0.627426913779627,0.6920666666666667,0.5997793398881227,60000,diagnostic,Diagnostic baseline; no SOTA claim.,train_only
synthetic_c2,2,44,akt,valid+test,0.6198611949458266,0.6920666666666667,0.6035905816332934,60000,diagnostic,Diagnostic baseline; no SOTA claim.,train_only
synthetic_c2,2,44,gkt,valid+test,0.5542410580356694,0.6920666666666667,0.6178290269718505,60000,diagnostic,Diagnostic baseline; no SOTA claim.,train_only
synthetic_c2,2,44,gikt,valid+test,0.6373529116541975,0.6920666666666667,0.6055010500593209,60000,diagnostic,Diagnostic baseline; no SOTA claim.,train_only
synthetic_c2,2,44,skt,valid+test,0.635358640098875,0.6920666666666667,0.6141012599658601,60000,diagnostic,Diagnostic baseline; no SOTA claim.,train_only
synthetic_c2,2,44,dygkt,valid+test,0.6329170260613388,0.6920666666666667,0.6154317787043222,60000,diagnostic,Diagnostic baseline; no SOTA claim.,train_only
synthetic_c2,2,44,dgekt,valid+test,0.6371151632021121,0.6920666666666667,0.6070913620758835,60000,diagnostic,Diagnostic baseline; no SOTA claim.,train_only
synthetic_c2,2,44,gkt,valid+test,0.5542410580356694,0.6920666666666667,0.6176819692096804,60000,diagnostic,Diagnostic baseline; no SOTA claim.,full_log
synthetic_c2,2,44,gikt,valid+test,0.6373310137704529,0.6920666666666667,0.6053912211468236,60000,diagnostic,Diagnostic baseline; no SOTA claim.,full_log
synthetic_c2,2,44,skt,valid+test,0.6355995168200669,0.6920666666666667,0.6139369369491697,60000,diagnostic,Diagnostic baseline; no SOTA claim.,full_log
synthetic_c2,2,44,dygkt,valid+test,0.6326730210710405,0.6920666666666667,0.6153286397898756,60000,diagnostic,Diagnostic baseline; no SOTA claim.,full_log
synthetic_c2,2,44,dgekt,valid+test,0.6371057783947929,0.6920666666666667,0.6069571235885696,60000,diagnostic,Diagnostic baseline; no SOTA claim.,full_log
synthetic_c5,0,42,bkt,valid+test,0.5263649676709978,0.6105833333333334,0.6674004899894784,60000,diagnostic,Diagnostic baseline; no SOTA claim.,train_only
synthetic_c5,0,42,dkt,valid+test,0.6272952762065303,0.6105833333333334,0.6585103845927354,60000,diagnostic,Diagnostic baseline; no SOTA claim.,train_only
synthetic_c5,0,42,simplekt,valid+test,0.6296028154502206,0.6105833333333334,0.6511712555533006,60000,diagnostic,Diagnostic baseline; no SOTA claim.,train_only
synthetic_c5,0,42,akt,valid+test,0.6221993435511144,0.6105833333333334,0.6563275002917187,60000,diagnostic,Diagnostic baseline; no SOTA claim.,train_only
synthetic_c5,0,42,gkt,valid+test,0.525327556346374,0.6105833333333334,0.6683568725272518,60000,diagnostic,Diagnostic baseline; no SOTA claim.,train_only
synthetic_c5,0,42,gikt,valid+test,0.6320659663926045,0.6105833333333334,0.6550547077651987,60000,diagnostic,Diagnostic baseline; no SOTA claim.,train_only
synthetic_c5,0,42,skt,valid+test,0.62873643680344,0.6105833333333334,0.6635448180304238,60000,diagnostic,Diagnostic baseline; no SOTA claim.,train_only
synthetic_c5,0,42,dygkt,valid+test,0.6222652331892999,0.6105833333333334,0.6658426266136709,60000,diagnostic,Diagnostic baseline; no SOTA claim.,train_only
synthetic_c5,0,42,dgekt,valid+test,0.6320561530422364,0.6105833333333334,0.6562690597313027,60000,diagnostic,Diagnostic baseline; no SOTA claim.,train_only
synthetic_c5,0,42,gkt,valid+test,0.525327556346374,0.6105833333333334,0.6683382450289113,60000,diagnostic,Diagnostic baseline; no SOTA claim.,full_log
synthetic_c5,0,42,gikt,valid+test,0.6321669037106761,0.6105833333333334,0.655038997080276,60000,diagnostic,Diagnostic baseline; no SOTA claim.,full_log
synthetic_c5,0,42,skt,valid+test,0.6284602610859389,0.6105833333333334,0.6635232473239295,60000,diagnostic,Diagnostic baseline; no SOTA claim.,full_log
synthetic_c5,0,42,dygkt,valid+test,0.6216259635081804,0.6105833333333334,0.6658282997974593,60000,diagnostic,Diagnostic baseline; no SOTA claim.,full_log
synthetic_c5,0,42,dgekt,valid+test,0.6320337225271094,0.6105833333333334,0.6562503250084749,60000,diagnostic,Diagnostic baseline; no SOTA claim.,full_log
synthetic_c5,1,43,bkt,valid+test,0.5278812850108572,0.6132333333333333,0.666039559540988,60000,diagnostic,Diagnostic baseline; no SOTA claim.,train_only
synthetic_c5,1,43,dkt,valid+test,0.6314047063654072,0.6132333333333333,0.6571940091919598,60000,diagnostic,Diagnostic baseline; no SOTA claim.,train_only
synthetic_c5,1,43,simplekt,valid+test,0.6338388816124674,0.6132333333333333,0.6496450853540254,60000,diagnostic,Diagnostic baseline; no SOTA claim.,train_only
synthetic_c5,1,43,akt,valid+test,0.6260613262907403,0.6132333333333333,0.654742993583083,60000,diagnostic,Diagnostic baseline; no SOTA claim.,train_only
synthetic_c5,1,43,gkt,valid+test,0.5267667925334213,0.6132333333333333,0.6672477447936048,60000,diagnostic,Diagnostic baseline; no SOTA claim.,train_only
synthetic_c5,1,43,gikt,valid+test,0.6350208339119925,0.6132333333333333,0.6537726366611364,60000,diagnostic,Diagnostic baseline; no SOTA claim.,train_only
synthetic_c5,1,43,skt,valid+test,0.6313470844340391,0.6132333333333333,0.6624027554207988,60000,diagnostic,Diagnostic baseline; no SOTA claim.,train_only
synthetic_c5,1,43,dygkt,valid+test,0.6252855383367119,0.6132333333333333,0.6647105038657447,60000,diagnostic,Diagnostic baseline; no SOTA claim.,train_only
synthetic_c5,1,43,dgekt,valid+test,0.6348648330734108,0.6132333333333333,0.655022106911113,60000,diagnostic,Diagnostic baseline; no SOTA claim.,train_only
synthetic_c5,1,43,gkt,valid+test,0.5267667925334213,0.6132333333333333,0.6672788924235808,60000,diagnostic,Diagnostic baseline; no SOTA claim.,full_log
synthetic_c5,1,43,gikt,valid+test,0.634988509413908,0.6132333333333333,0.6537861869764064,60000,diagnostic,Diagnostic baseline; no SOTA claim.,full_log
synthetic_c5,1,43,skt,valid+test,0.6302550785639665,0.6132333333333333,0.6624331922565757,60000,diagnostic,Diagnostic baseline; no SOTA claim.,full_log
synthetic_c5,1,43,dygkt,valid+test,0.6248512657320111,0.6132333333333333,0.6647322829754938,60000,diagnostic,Diagnostic baseline; no SOTA claim.,full_log
synthetic_c5,1,43,dgekt,valid+test,0.6346216966312968,0.6132333333333333,0.6550406545628153,60000,diagnostic,Diagnostic baseline; no SOTA claim.,full_log
synthetic_c5,2,44,bkt,valid+test,0.522103124564754,0.6081333333333333,0.6686695485844003,60000,diagnostic,Diagnostic baseline; no SOTA claim.,train_only
synthetic_c5,2,44,dkt,valid+test,0.6249815457606575,0.6081333333333333,0.6596406245896625,60000,diagnostic,Diagnostic baseline; no SOTA claim.,train_only
synthetic_c5,2,44,simplekt,valid+test,0.6278727720912072,0.6081333333333333,0.6523511066346228,60000,diagnostic,Diagnostic baseline; no SOTA claim.,train_only
synthetic_c5,2,44,akt,valid+test,0.6178492946433507,0.6081333333333333,0.6578569226008822,60000,diagnostic,Diagnostic baseline; no SOTA claim.,train_only
synthetic_c5,2,44,gkt,valid+test,0.5201700453248801,0.6081333333333333,0.6694049108164842,60000,diagnostic,Diagnostic baseline; no SOTA claim.,train_only
synthetic_c5,2,44,gikt,valid+test,0.6309108676838312,0.6081333333333333,0.656100528230812,60000,diagnostic,Diagnostic baseline; no SOTA claim.,train_only
synthetic_c5,2,44,skt,valid+test,0.6258739513721189,0.6081333333333333,0.6645717738482788,60000,diagnostic,Diagnostic baseline; no SOTA claim.,train_only
synthetic_c5,2,44,dygkt,valid+test,0.6170659919122875,0.6081333333333333,0.6668881507527747,60000,diagnostic,Diagnostic baseline; no SOTA claim.,train_only
synthetic_c5,2,44,dgekt,valid+test,0.6308409299399863,0.6081333333333333,0.6573001145389548,60000,diagnostic,Diagnostic baseline; no SOTA claim.,train_only
synthetic_c5,2,44,gkt,valid+test,0.5201700453248801,0.6081333333333333,0.6694096142085275,60000,diagnostic,Diagnostic baseline; no SOTA claim.,full_log
synthetic_c5,2,44,gikt,valid+test,0.6309108676838312,0.6081333333333333,0.65610444378906,60000,diagnostic,Diagnostic baseline; no SOTA claim.,full_log
synthetic_c5,2,44,skt,valid+test,0.6260362069378392,0.6081333333333333,0.6645776445982395,60000,diagnostic,Diagnostic baseline; no SOTA claim.,full_log
synthetic_c5,2,44,dygkt,valid+test,0.617196076115839,0.6081333333333333,0.66689187451312,60000,diagnostic,Diagnostic baseline; no SOTA claim.,full_log
synthetic_c5,2,44,dgekt,valid+test,0.6308703037924012,0.6081333333333333,0.6573050372914205,60000,diagnostic,Diagnostic baseline; no SOTA claim.,full_log
junyi,0,42,bkt,valid+test,0.71838976194589,0.8307321453635756,0.4137038456858765,7737234,diagnostic,Diagnostic baseline; no SOTA claim.,train_only
junyi,0,42,dkt,valid+test,0.71838976194589,0.8293245363911703,0.4222271536836448,7737234,diagnostic,Diagnostic baseline; no SOTA claim.,train_only
junyi,0,42,simplekt,valid+test,0.71838976194589,0.8307321453635756,0.4137038456858765,7737234,diagnostic,Diagnostic baseline; no SOTA claim.,train_only
junyi,0,42,akt,valid+test,0.716642538031283,0.8298906301657673,0.4244296696187377,7737234,diagnostic,Diagnostic baseline; no SOTA claim.,train_only
junyi,0,42,gkt,valid+test,0.7040338107262537,0.8294557202224981,0.4247472362467472,7737234,diagnostic,Diagnostic baseline; no SOTA claim.,train_only
junyi,0,42,gikt,valid+test,0.7125714891940103,0.8301248223848471,0.419502946801738,7737234,diagnostic,Diagnostic baseline; no SOTA claim.,train_only
junyi,0,42,skt,valid+test,0.7043687778801299,0.8295898766923684,0.4237389953784237,7737234,diagnostic,Diagnostic baseline; no SOTA claim.,train_only
junyi,0,42,dygkt,valid+test,0.7065952140815409,0.8293068298050699,0.4276143578515172,7737234,diagnostic,Diagnostic baseline; no SOTA claim.,train_only
junyi,0,42,dgekt,valid+test,0.7104534419540379,0.8301374884099408,0.4205562990938599,7737234,diagnostic,Diagnostic baseline; no SOTA claim.,train_only
junyi,0,42,gkt,valid+test,0.7042947834121551,0.8294598560674267,0.4247928958876231,7737234,diagnostic,Diagnostic baseline; no SOTA claim.,full_log
junyi,0,42,gikt,valid+test,0.7124601085383324,0.8301248223848471,0.4195276373666001,7737234,diagnostic,Diagnostic baseline; no SOTA claim.,full_log
junyi,0,42,skt,valid+test,0.7044604985660397,0.8297178293948457,0.4237790245450546,7737234,diagnostic,Diagnostic baseline; no SOTA claim.,full_log
junyi,0,42,dygkt,valid+test,0.7062875804241506,0.8293068298050699,0.4276706836730847,7737234,diagnostic,Diagnostic baseline; no SOTA claim.,full_log
junyi,0,42,dgekt,valid+test,0.7101037497133731,0.8301374884099408,0.4205846865770641,7737234,diagnostic,Diagnostic baseline; no SOTA claim.,full_log
junyi,1,43,bkt,valid+test,0.7193974971387429,0.830336668454747,0.4141281272909692,7820305,diagnostic,Diagnostic baseline; no SOTA claim.,train_only
junyi,1,43,dkt,valid+test,0.7193974971387429,0.8287791844435735,0.4228103477818029,7820305,diagnostic,Diagnostic baseline; no SOTA claim.,train_only
junyi,1,43,simplekt,valid+test,0.7193974971387429,0.830336668454747,0.4141281272909692,7820305,diagnostic,Diagnostic baseline; no SOTA claim.,train_only
junyi,1,43,akt,valid+test,0.71764711136209,0.8293547374431048,0.4249956379522714,7820305,diagnostic,Diagnostic baseline; no SOTA claim.,train_only
junyi,1,43,gkt,valid+test,0.7051897773041992,0.8288716360806899,0.4249601179796823,7820305,diagnostic,Diagnostic baseline; no SOTA claim.,train_only
junyi,1,43,gikt,valid+test,0.7137574475585169,0.8296973072022127,0.4197716359391591,7820305,diagnostic,Diagnostic baseline; no SOTA claim.,train_only
junyi,1,43,skt,valid+test,0.7054773821300431,0.8291353086612351,0.4239215168990061,7820305,diagnostic,Diagnostic baseline; no SOTA claim.,train_only
junyi,1,43,dygkt,valid+test,0.7076096199334206,0.8287093661947967,0.4279605891832506,7820305,diagnostic,Diagnostic baseline; no SOTA claim.,train_only
junyi,1,43,dgekt,valid+test,0.7116778845310896,0.8296364400109715,0.4207848739504212,7820305,diagnostic,Diagnostic baseline; no SOTA claim.,train_only
junyi,1,43,gkt,valid+test,0.7049074247418854,0.8289085911610864,0.4251965734516051,7820305,diagnostic,Diagnostic baseline; no SOTA claim.,full_log
junyi,1,43,gikt,valid+test,0.7137971111964081,0.8297199405905524,0.4199264976458418,7820305,diagnostic,Diagnostic baseline; no SOTA claim.,full_log
junyi,1,43,skt,valid+test,0.7057534516728017,0.8291987332974865,0.4241658233357997,7820305,diagnostic,Diagnostic baseline; no SOTA claim.,full_log
junyi,1,43,dygkt,valid+test,0.7075249250185881,0.8287093661947967,0.4281429245643123,7820305,diagnostic,Diagnostic baseline; no SOTA claim.,full_log
junyi,1,43,dgekt,valid+test,0.7114928149764049,0.8296249315084259,0.4209725952689979,7820305,diagnostic,Diagnostic baseline; no SOTA claim.,full_log
junyi,2,44,bkt,valid+test,0.7189472709140412,0.8282614661805104,0.4172567554361546,7881417,diagnostic,Diagnostic baseline; no SOTA claim.,train_only
junyi,2,44,dkt,valid+test,0.7189472709140412,0.8266675903584343,0.4260838839122123,7881417,diagnostic,Diagnostic baseline; no SOTA claim.,train_only
junyi,2,44,simplekt,valid+test,0.7189472709140412,0.8282614661805104,0.4172567554361546,7881417,diagnostic,Diagnostic baseline; no SOTA claim.,train_only
junyi,2,44,akt,valid+test,0.7174931486168623,0.8271483414720983,0.4276837842387397,7881417,diagnostic,Diagnostic baseline; no SOTA claim.,train_only
junyi,2,44,gkt,valid+test,0.7034017309471086,0.8266876375149291,0.4285458357469767,7881417,diagnostic,Diagnostic baseline; no SOTA claim.,train_only
junyi,2,44,gikt,valid+test,0.7125983243305537,0.8274638938657858,0.4231720617521896,7881417,diagnostic,Diagnostic baseline; no SOTA claim.,train_only
junyi,2,44,skt,valid+test,0.7035907391153937,0.8269231281633747,0.427501320888816,7881417,diagnostic,Diagnostic baseline; no SOTA claim.,train_only
junyi,2,44,dygkt,valid+test,0.7059510690361953,0.8265706534751301,0.4315044997262132,7881417,diagnostic,Diagnostic baseline; no SOTA claim.,train_only
junyi,2,44,dgekt,valid+test,0.7102285971295887,0.8274305242318736,0.4242407943703071,7881417,diagnostic,Diagnostic baseline; no SOTA claim.,train_only
junyi,2,44,gkt,valid+test,0.7038717369290277,0.8267286199930799,0.4283907678204812,7881417,diagnostic,Diagnostic baseline; no SOTA claim.,full_log
junyi,2,44,gikt,valid+test,0.712866144863735,0.8274638938657858,0.4230835311329327,7881417,diagnostic,Diagnostic baseline; no SOTA claim.,full_log
junyi,2,44,skt,valid+test,0.7046806563025081,0.8269510419255827,0.4273460283721739,7881417,diagnostic,Diagnostic baseline; no SOTA claim.,full_log
junyi,2,44,dygkt,valid+test,0.7064609310966639,0.8265706534751301,0.4313763845861627,7881417,diagnostic,Diagnostic baseline; no SOTA claim.,full_log
junyi,2,44,dgekt,valid+test,0.7106331573018825,0.8274305242318736,0.4241309266307402,7881417,diagnostic,Diagnostic baseline; no SOTA claim.,full_log
assist2012,0,42,bkt,valid+test,0.6067091335142124,0.6935764813311937,0.6015282054078851,816951,diagnostic,Diagnostic baseline; no SOTA claim.,train_only
assist2012,0,42,dkt,valid+test,0.6866238662945099,0.6929583292021186,0.5894910043859882,816951,diagnostic,Diagnostic baseline; no SOTA claim.,train_only
assist2012,0,42,simplekt,valid+test,0.694996759107954,0.7035464795318201,0.5743643001933102,816951,diagnostic,Diagnostic baseline; no SOTA claim.,train_only
assist2012,0,42,akt,valid+test,0.6824897918524232,0.6960613304837132,0.5867436874458763,816951,diagnostic,Diagnostic baseline; no SOTA claim.,train_only
assist2012,0,42,gkt,valid+test,0.6024598906196776,0.6920476258674021,0.6053437205021889,816951,diagnostic,Diagnostic baseline; no SOTA claim.,train_only
assist2012,0,42,gikt,valid+test,0.6903904100552962,0.6957430739420112,0.5818840043349247,816951,diagnostic,Diagnostic baseline; no SOTA claim.,train_only
assist2012,0,42,skt,valid+test,0.6504982860831697,0.6922312354106918,0.5967724623147552,816951,diagnostic,Diagnostic baseline; no SOTA claim.,train_only
assist2012,0,42,dygkt,valid+test,0.6372794457260538,0.6913841833843156,0.6025068747865795,816951,diagnostic,Diagnostic baseline; no SOTA claim.,train_only
assist2012,0,42,dgekt,valid+test,0.6866285707870347,0.694773615553442,0.5840074442755849,816951,diagnostic,Diagnostic baseline; no SOTA claim.,train_only
assist2012,0,42,gkt,valid+test,0.6024575545224908,0.6920476258674021,0.6051835982212636,816951,diagnostic,Diagnostic baseline; no SOTA claim.,full_log
assist2012,0,42,gikt,valid+test,0.6902308390104096,0.6959279075489228,0.5818048688436694,816951,diagnostic,Diagnostic baseline; no SOTA claim.,full_log
assist2012,0,42,skt,valid+test,0.6497948030863494,0.6923034551643856,0.5966190507157803,816951,diagnostic,Diagnostic baseline; no SOTA claim.,full_log
assist2012,0,42,dygkt,valid+test,0.6366882725636016,0.6913841833843156,0.6023797370853444,816951,diagnostic,Diagnostic baseline; no SOTA claim.,full_log
assist2012,0,42,dgekt,valid+test,0.6864317733635705,0.6950196523414501,0.5839065931085109,816951,diagnostic,Diagnostic baseline; no SOTA claim.,full_log
assist2012,1,43,bkt,valid+test,0.6097951548237375,0.699478506199789,0.596127215499613,806721,diagnostic,Diagnostic baseline; no SOTA claim.,train_only
assist2012,1,43,dkt,valid+test,0.6906784197786107,0.6987545880174186,0.5844823223193539,806721,diagnostic,Diagnostic baseline; no SOTA claim.,train_only
assist2012,1,43,simplekt,valid+test,0.6988555459426975,0.7090964534206994,0.5690549768425059,806721,diagnostic,Diagnostic baseline; no SOTA claim.,train_only
assist2012,1,43,akt,valid+test,0.685551254069802,0.7019378446823623,0.5824272707391533,806721,diagnostic,Diagnostic baseline; no SOTA claim.,train_only
assist2012,1,43,gkt,valid+test,0.6052667030858361,0.6979711697104699,0.6000141892862471,806721,diagnostic,Diagnostic baseline; no SOTA claim.,train_only
assist2012,1,43,gikt,valid+test,0.6938931591932124,0.7019998239787981,0.5766149095264496,806721,diagnostic,Diagnostic baseline; no SOTA claim.,train_only
assist2012,1,43,skt,valid+test,0.6527397927437885,0.6982996599815797,0.5914552285651102,806721,diagnostic,Diagnostic baseline; no SOTA claim.,train_only
assist2012,1,43,dygkt,valid+test,0.6391338330133722,0.6973365017149671,0.5973295252968409,806721,diagnostic,Diagnostic baseline; no SOTA claim.,train_only
assist2012,1,43,dgekt,valid+test,0.6900482776667032,0.7011680618206294,0.5787204147219212,806721,diagnostic,Diagnostic baseline; no SOTA claim.,train_only
assist2012,1,43,gkt,valid+test,0.6050109923468967,0.6979711697104699,0.600025390782629,806721,diagnostic,Diagnostic baseline; no SOTA claim.,full_log
assist2012,1,43,gikt,valid+test,0.6940692304509388,0.7019675947446515,0.5766061176261944,806721,diagnostic,Diagnostic baseline; no SOTA claim.,full_log
assist2012,1,43,skt,valid+test,0.6531293365756361,0.6982996599815797,0.5914571732945592,806721,diagnostic,Diagnostic baseline; no SOTA claim.,full_log
assist2012,1,43,dygkt,valid+test,0.6396177259523215,0.6973365017149671,0.5973406942090256,806721,diagnostic,Diagnostic baseline; no SOTA claim.,full_log
assist2012,1,43,dgekt,valid+test,0.6902777143409526,0.7010490615714726,0.5787117656367156,806721,diagnostic,Diagnostic baseline; no SOTA claim.,full_log
assist2012,2,44,bkt,valid+test,0.608947427128064,0.699925507317627,0.596136400036534,801421,diagnostic,Diagnostic baseline; no SOTA claim.,train_only
assist2012,2,44,dkt,valid+test,0.6900053359746774,0.6991955538973897,0.5843361555042141,801421,diagnostic,Diagnostic baseline; no SOTA claim.,train_only
assist2012,2,44,simplekt,valid+test,0.6981884973424339,0.7091977874300773,0.5690472177326396,801421,diagnostic,Diagnostic baseline; no SOTA claim.,train_only
assist2012,2,44,akt,valid+test,0.6844450912669462,0.7021328365490797,0.5824027299942908,801421,diagnostic,Diagnostic baseline; no SOTA claim.,train_only
assist2012,2,44,gkt,valid+test,0.6045047638418375,0.6986365468336867,0.5997608053815517,801421,diagnostic,Diagnostic baseline; no SOTA claim.,train_only
assist2012,2,44,gikt,valid+test,0.6938703282718124,0.7020978986075983,0.5764508654358725,801421,diagnostic,Diagnostic baseline; no SOTA claim.,train_only
assist2012,2,44,skt,valid+test,0.6535006916363971,0.6986427857518084,0.591211608496244,801421,diagnostic,Diagnostic baseline; no SOTA claim.,train_only
assist2012,2,44,dygkt,valid+test,0.6399230976324202,0.69799019491628,0.5970712132612318,801421,diagnostic,Diagnostic baseline; no SOTA claim.,train_only
assist2012,2,44,dgekt,valid+test,0.6901933796512301,0.701301812655271,0.5785326736260923,801421,diagnostic,Diagnostic baseline; no SOTA claim.,train_only
assist2012,2,44,gkt,valid+test,0.6043103151708746,0.6986365468336867,0.599748874360983,801421,diagnostic,Diagnostic baseline; no SOTA claim.,full_log
assist2012,2,44,gikt,valid+test,0.6936205367009298,0.7021490577361961,0.5764329827540822,801421,diagnostic,Diagnostic baseline; no SOTA claim.,full_log
assist2012,2,44,skt,valid+test,0.653043128329114,0.6987251394710146,0.5911972664832243,801421,diagnostic,Diagnostic baseline; no SOTA claim.,full_log
assist2012,2,44,dygkt,valid+test,0.6395251610844752,0.69799019491628,0.5970483834636789,801421,diagnostic,Diagnostic baseline; no SOTA claim.,full_log
assist2012,2,44,dgekt,valid+test,0.689887510588766,0.7014003875615937,0.5785146348109226,801421,diagnostic,Diagnostic baseline; no SOTA claim.,full_log
xes3g5m,0,42,bkt,valid+test,0.617875587446238,0.7943713465498949,0.4932640584971793,1922840,diagnostic,Diagnostic baseline; no SOTA claim.,train_only
xes3g5m,0,42,dkt,valid+test,0.7092531200151431,0.7936973435127208,0.4812086826890077,1922840,diagnostic,Diagnostic baseline; no SOTA claim.,train_only
xes3g5m,0,42,simplekt,valid+test,0.718366173593789,0.7957765596721517,0.46651350002637615,1922840,diagnostic,Diagnostic baseline; no SOTA claim.,train_only
xes3g5m,0,42,akt,valid+test,0.7076509818651014,0.7941055938091572,0.48088548246252105,1922840,diagnostic,Diagnostic baseline; no SOTA claim.,train_only
xes3g5m,0,42,gkt,valid+test,0.6080426191747188,0.7938502423498575,0.49713189330980934,1922840,diagnostic,Diagnostic baseline; no SOTA claim.,train_only
xes3g5m,0,42,gikt,valid+test,0.7098184136175476,0.7941279565642487,0.47375987812463055,1922840,diagnostic,Diagnostic baseline; no SOTA claim.,train_only
xes3g5m,0,42,skt,valid+test,0.6597458532565355,0.7938502423498575,0.4885065057827886,1922840,diagnostic,Diagnostic baseline; no SOTA claim.,train_only
xes3g5m,0,42,dygkt,valid+test,0.6457336740753357,0.7936609390276882,0.4940014057314583,1922840,diagnostic,Diagnostic baseline; no SOTA claim.,train_only
xes3g5m,0,42,dgekt,valid+test,0.7043693876891363,0.7941227559235298,0.4758682661822684,1922840,diagnostic,Diagnostic baseline; no SOTA claim.,train_only
xes3g5m,0,42,gkt,valid+test,0.6077513538952165,0.793852322606145,0.49718047630013606,1922840,diagnostic,Diagnostic baseline; no SOTA claim.,full_log
xes3g5m,0,42,gikt,valid+test,0.7100720612773805,0.7941279565642487,0.4738047555190825,1922840,diagnostic,Diagnostic baseline; no SOTA claim.,full_log
xes3g5m,0,42,skt,valid+test,0.6601092904956126,0.7938502423498575,0.4885655160582985,1922840,diagnostic,Diagnostic baseline; no SOTA claim.,full_log
xes3g5m,0,42,dygkt,valid+test,0.6458871636741363,0.7936682199246947,0.49405114049782417,1922840,diagnostic,Diagnostic baseline; no SOTA claim.,full_log
xes3g5m,0,42,dgekt,valid+test,0.7046878509867383,0.7941227559235298,0.4759211668698674,1922840,diagnostic,Diagnostic baseline; no SOTA claim.,full_log
xes3g5m,1,43,bkt,valid+test,0.6176589732531487,0.7953520154804542,0.4920207151141761,1922941,diagnostic,Diagnostic baseline; no SOTA claim.,train_only
xes3g5m,1,43,dkt,valid+test,0.709351794571918,0.7947503329535331,0.47987242503364247,1922941,diagnostic,Diagnostic baseline; no SOTA claim.,train_only
xes3g5m,1,43,simplekt,valid+test,0.7183791611893594,0.796857001852891,0.4652349175112536,1922941,diagnostic,Diagnostic baseline; no SOTA claim.,train_only
xes3g5m,1,43,akt,valid+test,0.7071634882961737,0.7952927312902476,0.47987863129275005,1922941,diagnostic,Diagnostic baseline; no SOTA claim.,train_only
xes3g5m,1,43,gkt,valid+test,0.6078943611801348,0.7948454996799174,0.4958524826069266,1922941,diagnostic,Diagnostic baseline; no SOTA claim.,train_only
xes3g5m,1,43,gikt,valid+test,0.7098622917567726,0.7952313669530162,0.4724683897550514,1922941,diagnostic,Diagnostic baseline; no SOTA claim.,train_only
xes3g5m,1,43,skt,valid+test,0.659825901804871,0.7948460197166736,0.4872152994187503,1922941,diagnostic,Diagnostic baseline; no SOTA claim.,train_only
xes3g5m,1,43,dygkt,valid+test,0.645826240726058,0.7946712873665911,0.4926813820008269,1922941,diagnostic,Diagnostic baseline; no SOTA claim.,train_only
xes3g5m,1,43,dgekt,valid+test,0.7044013443923681,0.7952225263281609,0.474577036301601,1922941,diagnostic,Diagnostic baseline; no SOTA claim.,train_only
xes3g5m,1,43,gkt,valid+test,0.6078005804665786,0.7948454996799174,0.4958863362518064,1922941,diagnostic,Diagnostic baseline; no SOTA claim.,full_log
xes3g5m,1,43,gikt,valid+test,0.7101541942053637,0.7952313669530162,0.47250222695457306,1922941,diagnostic,Diagnostic baseline; no SOTA claim.,full_log
xes3g5m,1,43,skt,valid+test,0.6603133048289128,0.7948465397534298,0.4872559201249152,1922941,diagnostic,Diagnostic baseline; no SOTA claim.,full_log
xes3g5m,1,43,dygkt,valid+test,0.6461205657342841,0.7946728474768596,0.49272129149456323,1922941,diagnostic,Diagnostic baseline; no SOTA claim.,full_log
xes3g5m,1,43,dgekt,valid+test,0.7047763068367124,0.7952298068427477,0.47461547502453144,1922941,diagnostic,Diagnostic baseline; no SOTA claim.,full_log
xes3g5m,2,44,bkt,valid+test,0.6174633730257527,0.7949488421457188,0.4925579610305867,1920233,diagnostic,Diagnostic baseline; no SOTA claim.,train_only
xes3g5m,2,44,dkt,valid+test,0.709495277992232,0.7943572472715551,0.48030729041876963,1920233,diagnostic,Diagnostic baseline; no SOTA claim.,train_only
xes3g5m,2,44,simplekt,valid+test,0.7185070509727098,0.7963559630524004,0.46563053239570285,1920233,diagnostic,Diagnostic baseline; no SOTA claim.,train_only
xes3g5m,2,44,akt,valid+test,0.7070697167308372,0.7949123882362192,0.48030949975360343,1920233,diagnostic,Diagnostic baseline; no SOTA claim.,train_only
xes3g5m,2,44,gkt,valid+test,0.6076638898564457,0.7944707751611393,0.49640145046519496,1920233,diagnostic,Diagnostic baseline; no SOTA claim.,train_only
xes3g5m,2,44,gikt,valid+test,0.7100606041248416,0.7948472919692559,0.47289103386919895,1920233,diagnostic,Diagnostic baseline; no SOTA claim.,train_only
xes3g5m,2,44,skt,valid+test,0.659868473506923,0.7944765036326321,0.48771884559880035,1920233,diagnostic,Diagnostic baseline; no SOTA claim.,train_only
xes3g5m,2,44,dygkt,valid+test,0.6457082445257878,0.7942812148317417,0.4931944198406907,1920233,diagnostic,Diagnostic baseline; no SOTA claim.,train_only
xes3g5m,2,44,dgekt,valid+test,0.7046128693474879,0.7948514581303415,0.4750127931364444,1920233,diagnostic,Diagnostic baseline; no SOTA claim.,train_only
xes3g5m,2,44,gkt,valid+test,0.6077408445375176,0.7944707751611393,0.49638091417935554,1920233,diagnostic,Diagnostic baseline; no SOTA claim.,full_log
xes3g5m,2,44,gikt,valid+test,0.7104598465076346,0.7948472919692559,0.4728828290352091,1920233,diagnostic,Diagnostic baseline; no SOTA claim.,full_log
xes3g5m,2,44,skt,valid+test,0.660588309572959,0.7944765036326321,0.4876969450091443,1920233,diagnostic,Diagnostic baseline; no SOTA claim.,full_log
xes3g5m,2,44,dygkt,valid+test,0.6462659353585472,0.7942812148317417,0.49319441157155913,1920233,diagnostic,Diagnostic baseline; no SOTA claim.,full_log
xes3g5m,2,44,dgekt,valid+test,0.7051325047930895,0.7948514581303415,0.4749998835223782,1920233,diagnostic,Diagnostic baseline; no SOTA claim.,full_log
